{
    "new-york ny": 4.068999028182701,
    "los-angeles ca": 1.9041365725541695,
    "chicago il": 4.202944942381562,
    "houston tx": 1.2459948320413436,
    "philadelphia pa": 3.0,
    "phoenix az": 0.8997069358515142,
    "san-antonio tx": 0.57991513437058,
    "san-diego ca": 1.8296064400715564,
    "dallas tx": 0.8440087145969499,
    "san-jose ca": 2.7959719789842383,
    "austin tx": 1.4347150259067358,
    "indianapolis-city in": 0.9912207357859532,
    "jacksonville fl": 0.34642576590730556,
    "san-francisco ca": 1.9972658920027342,
    "columbus oh": 1.4032586558044806,
    "charlotte nc": 1.0010559662090812,
    "fort-worth tx": 0.6505223171889839,
    "detroit mi": 2.5689300411522633,
    "el-paso tx": 0.4807692307692308,
    "memphis tn": 0.5425692695214106,
    "seattle wa": 4.011549566891242,
    "denver co": 3.3679525222551927,
    "washington-dc dc": 5.5423340961098395,
    "boston ma": 2.553225806451613,
    "nashville-davidson-metropolitan-government tn": 0.5518025332900293,
    "baltimore md": 2.6317512274959083,
    "oklahoma-city ok": 0.31058201058201057,
    "louisville-jefferson ky": 0.39025787965616043,
    "portland or": 2.944713870029098,
    "las-vegas nv": 1.4890929965556832,
    "milwaukee wi": 1.9099236641221373,
    "albuquerque nm": 1.5051993067590987,
    "tucson az": 0.38472519628836543,
    "fresno ca": 0.6740638002773925,
    "sacramento ca": 2.3950233281493003,
    "long-beach ca": 2.10625,
    "kansas-city mo": 0.6733496332518337,
    "mesa az": 1.7423167848699763,
    "virginia-beach va": 0.39852752880921893,
    "atlanta ga": 1.7965686274509804,
    "colorado-springs co": 1.3436754176610979,
    "omaha ne": 2.3313008130081303,
    "raleigh nc": 1.6407447973713034,
    "miami fl": 2.4380952380952383,
    "oakland ca": 2.5428571428571427,
    "minneapolis mn": 4.309927360774818,
    "tulsa ok": 0.6851704996034893,
    "cleveland oh": 3.838532110091743,
    "wichita ks": 0.7713736791546589,
    "arlington tx": 0.8023648648648649,
    "new-orleans la": 0.6644001942690626,
    "bakersfield ca": 0.21790722761596548,
    "tampa fl": 1.2391732283464567,
    "honolulu hi": 1.7608695652173914,
    "aurora co": 1.3264503441494593,
    "anaheim ca": 1.7605177993527508,
    "santa-ana ca": 2.0365853658536586,
    "st-louis mo": 3.1411483253588517,
    "riverside ca": 1.2777777777777777,
    "corpus-christi tx": 0.16981132075471697,
    "lexington-fayette ky": 0.5107794361525705,
    "pittsburgh pa": 3.07012987012987,
    "anchorage ak": 0.053474605780231804,
    "stockton ca": 1.0289156626506024,
    "cincinnati oh": 1.8854368932038834,
    "st-paul mn": 2.8675,
    "toledo oh": 1.0673758865248226,
    "greensboro nc": 1.289855072463768,
    "newark nj": 1.6402439024390243,
    "plano tx": 1.3448275862068966,
    "henderson nv": 0.5763993948562783,
    "lincoln ne": 1.621283255086072,
    "buffalo ny": 2.6732394366197183,
    "jersey-city nj": 3.3055555555555554,
    "chula-vista ca": 1.8,
    "fort-wayne in": 0.8198924731182796,
    "orlando fl": 1.0058479532163742,
    "st.-petersburg fl": 1.3012658227848102,
    "chandler az": 2.262086513994911,
    "laredo tx": 0.4416243654822335,
    "norfolk va": 0.9585406301824212,
    "durham nc": 0.9635343618513323,
    "madison wi": 2.014513788098694,
    "lubbock tx": 0.3165644171779141,
    "irvine ca": 1.045,
    "winston-salem nc": 0.7078787878787879,
    "glendale az": 1.1924119241192412,
    "garland tx": 0.7544910179640718,
    "hialeah fl": 0.991869918699187,
    "reno nv": 0.8310991957104558,
    "chesapeake va": 0.2728500675371454,
    "gilbert az": 1.7644230769230769,
    "baton-rouge la": 0.8815533980582524,
    "irving tx": 0.75,
    "scottsdale az": 0.5339892665474061,
    "north-las-vegas nv": 0.36065573770491804,
    "fremont ca": 1.0990825688073393,
    "boise-city id": 1.2444444444444445,
    "richmond va": 1.8927680798004987,
    "san-bernardino ca": 0.5633423180592992
}